time taken,status code,responsebody
550,200,{"resortID":9,"seasonID":"2022","dayID":"1","skierID":12704,"time":334,"liftID":20},05/03/2023 14:10:01
69,200,{"resortID":3,"seasonID":"2022","dayID":"1","skierID":72301,"time":118,"liftID":4},05/03/2023 14:10:02
60,200,{"resortID":1,"seasonID":"2022","dayID":"1","skierID":96673,"time":244,"liftID":8},05/03/2023 14:10:02
59,200,{"resortID":7,"seasonID":"2022","dayID":"1","skierID":42371,"time":28,"liftID":1},05/03/2023 14:10:02
65,200,{"resortID":1,"seasonID":"2022","dayID":"1","skierID":15922,"time":8,"liftID":7},05/03/2023 14:10:02
54,200,{"resortID":3,"seasonID":"2022","dayID":"1","skierID":13788,"time":329,"liftID":14},05/03/2023 14:10:02
72,200,{"resortID":5,"seasonID":"2022","dayID":"1","skierID":38444,"time":354,"liftID":8},05/03/2023 14:10:02
53,200,{"resortID":6,"seasonID":"2022","dayID":"1","skierID":88103,"time":277,"liftID":27},05/03/2023 14:10:02
52,200,{"resortID":8,"seasonID":"2022","dayID":"1","skierID":45877,"time":22,"liftID":40},05/03/2023 14:10:02
51,200,{"resortID":9,"seasonID":"2022","dayID":"1","skierID":56495,"time":87,"liftID":37},05/03/2023 14:10:02
62,200,{"resortID":4,"seasonID":"2022","dayID":"1","skierID":31737,"time":134,"liftID":35},05/03/2023 14:10:02
126,200,{"resortID":5,"seasonID":"2022","dayID":"1","skierID":26825,"time":113,"liftID":8},05/03/2023 14:10:02
61,200,{"resortID":8,"seasonID":"2022","dayID":"1","skierID":42739,"time":91,"liftID":2},05/03/2023 14:10:02
111,200,{"resortID":2,"seasonID":"2022","dayID":"1","skierID":23630,"time":217,"liftID":18},05/03/2023 14:10:02
49,200,{"resortID":5,"seasonID":"2022","dayID":"1","skierID":87242,"time":359,"liftID":19},05/03/2023 14:10:03
85,200,{"resortID":9,"seasonID":"2022","dayID":"1","skierID":38130,"time":359,"liftID":9},05/03/2023 14:10:03
220,200,{"resortID":2,"seasonID":"2022","dayID":"1","skierID":8118,"time":90,"liftID":4},05/03/2023 14:10:03
62,200,{"resortID":2,"seasonID":"2022","dayID":"1","skierID":47563,"time":114,"liftID":36},05/03/2023 14:10:03
48,200,{"resortID":5,"seasonID":"2022","dayID":"1","skierID":96984,"time":109,"liftID":8},05/03/2023 14:10:03
47,200,{"resortID":10,"seasonID":"2022","dayID":"1","skierID":96581,"time":38,"liftID":28},05/03/2023 14:10:03
49,200,{"resortID":1,"seasonID":"2022","dayID":"1","skierID":16667,"time":106,"liftID":22},05/03/2023 14:10:03
51,200,{"resortID":5,"seasonID":"2022","dayID":"1","skierID":34133,"time":322,"liftID":25},05/03/2023 14:10:03
50,200,{"resortID":9,"seasonID":"2022","dayID":"1","skierID":9037,"time":107,"liftID":23},05/03/2023 14:10:03
61,200,{"resortID":3,"seasonID":"2022","dayID":"1","skierID":66757,"time":295,"liftID":34},05/03/2023 14:10:03
55,200,{"resortID":10,"seasonID":"2022","dayID":"1","skierID":85732,"time":281,"liftID":26},05/03/2023 14:10:03
57,200,{"resortID":7,"seasonID":"2022","dayID":"1","skierID":31874,"time":318,"liftID":17},05/03/2023 14:10:03
60,200,{"resortID":4,"seasonID":"2022","dayID":"1","skierID":97633,"time":275,"liftID":14},05/03/2023 14:10:03
56,200,{"resortID":2,"seasonID":"2022","dayID":"1","skierID":48663,"time":196,"liftID":29},05/03/2023 14:10:03
51,200,{"resortID":3,"seasonID":"2022","dayID":"1","skierID":5156,"time":356,"liftID":34},05/03/2023 14:10:04
87,200,{"resortID":10,"seasonID":"2022","dayID":"1","skierID":62656,"time":150,"liftID":30},05/03/2023 14:10:04
88,200,{"resortID":5,"seasonID":"2022","dayID":"1","skierID":14388,"time":123,"liftID":15},05/03/2023 14:10:04
62,200,{"resortID":1,"seasonID":"2022","dayID":"1","skierID":27869,"time":336,"liftID":37},05/03/2023 14:10:04
72,200,{"resortID":1,"seasonID":"2022","dayID":"1","skierID":14560,"time":185,"liftID":29},05/03/2023 14:10:04
77,200,{"resortID":8,"seasonID":"2022","dayID":"1","skierID":75191,"time":321,"liftID":17},05/03/2023 14:10:04
57,200,{"resortID":3,"seasonID":"2022","dayID":"1","skierID":95488,"time":81,"liftID":23},05/03/2023 14:10:04
67,200,{"resortID":6,"seasonID":"2022","dayID":"1","skierID":34671,"time":22,"liftID":7},05/03/2023 14:10:04
58,200,{"resortID":7,"seasonID":"2022","dayID":"1","skierID":87786,"time":47,"liftID":32},05/03/2023 14:10:04
52,200,{"resortID":10,"seasonID":"2022","dayID":"1","skierID":55285,"time":273,"liftID":40},05/03/2023 14:10:04
59,200,{"resortID":3,"seasonID":"2022","dayID":"1","skierID":64880,"time":320,"liftID":19},05/03/2023 14:10:04
59,200,{"resortID":4,"seasonID":"2022","dayID":"1","skierID":26215,"time":27,"liftID":32},05/03/2023 14:10:04
68,200,{"resortID":5,"seasonID":"2022","dayID":"1","skierID":61580,"time":148,"liftID":18},05/03/2023 14:10:04
60,200,{"resortID":1,"seasonID":"2022","dayID":"1","skierID":12110,"time":300,"liftID":40},05/03/2023 14:10:04
60,200,{"resortID":9,"seasonID":"2022","dayID":"1","skierID":13496,"time":125,"liftID":16},05/03/2023 14:10:04
55,200,{"resortID":4,"seasonID":"2022","dayID":"1","skierID":32886,"time":280,"liftID":5},05/03/2023 14:10:05
55,200,{"resortID":2,"seasonID":"2022","dayID":"1","skierID":94367,"time":321,"liftID":26},05/03/2023 14:10:05
47,200,{"resortID":5,"seasonID":"2022","dayID":"1","skierID":86222,"time":342,"liftID":40},05/03/2023 14:10:05
91,200,{"resortID":7,"seasonID":"2022","dayID":"1","skierID":57592,"time":323,"liftID":30},05/03/2023 14:10:05
60,200,{"resortID":9,"seasonID":"2022","dayID":"1","skierID":69435,"time":149,"liftID":17},05/03/2023 14:10:05
59,200,{"resortID":2,"seasonID":"2022","dayID":"1","skierID":15393,"time":55,"liftID":35},05/03/2023 14:10:05
60,200,{"resortID":9,"seasonID":"2022","dayID":"1","skierID":43805,"time":264,"liftID":2},05/03/2023 14:10:05
65,200,{"resortID":8,"seasonID":"2022","dayID":"1","skierID":1882,"time":300,"liftID":26},05/03/2023 14:10:05
60,200,{"resortID":7,"seasonID":"2022","dayID":"1","skierID":97796,"time":98,"liftID":5},05/03/2023 14:10:05
51,200,{"resortID":7,"seasonID":"2022","dayID":"1","skierID":65662,"time":342,"liftID":1},05/03/2023 14:10:05
51,200,{"resortID":6,"seasonID":"2022","dayID":"1","skierID":83938,"time":337,"liftID":27},05/03/2023 14:10:05
49,200,{"resortID":5,"seasonID":"2022","dayID":"1","skierID":93109,"time":231,"liftID":19},05/03/2023 14:10:05
50,200,{"resortID":2,"seasonID":"2022","dayID":"1","skierID":27394,"time":347,"liftID":19},05/03/2023 14:10:05
49,200,{"resortID":10,"seasonID":"2022","dayID":"1","skierID":73257,"time":314,"liftID":8},05/03/2023 14:10:05
54,200,{"resortID":6,"seasonID":"2022","dayID":"1","skierID":79687,"time":219,"liftID":20},05/03/2023 14:10:05
56,200,{"resortID":10,"seasonID":"2022","dayID":"1","skierID":71396,"time":121,"liftID":4},05/03/2023 14:10:05
66,200,{"resortID":3,"seasonID":"2022","dayID":"1","skierID":5917,"time":127,"liftID":13},05/03/2023 14:10:05
54,200,{"resortID":10,"seasonID":"2022","dayID":"1","skierID":17990,"time":352,"liftID":23},05/03/2023 14:10:06
55,200,{"resortID":3,"seasonID":"2022","dayID":"1","skierID":37419,"time":84,"liftID":34},05/03/2023 14:10:06
54,200,{"resortID":1,"seasonID":"2022","dayID":"1","skierID":61292,"time":273,"liftID":9},05/03/2023 14:10:06
51,200,{"resortID":3,"seasonID":"2022","dayID":"1","skierID":93702,"time":283,"liftID":23},05/03/2023 14:10:06
54,200,{"resortID":4,"seasonID":"2022","dayID":"1","skierID":66724,"time":301,"liftID":28},05/03/2023 14:10:06
59,200,{"resortID":1,"seasonID":"2022","dayID":"1","skierID":38142,"time":321,"liftID":11},05/03/2023 14:10:06
54,200,{"resortID":2,"seasonID":"2022","dayID":"1","skierID":11547,"time":17,"liftID":4},05/03/2023 14:10:06
93,200,{"resortID":1,"seasonID":"2022","dayID":"1","skierID":99313,"time":289,"liftID":2},05/03/2023 14:10:06
83,200,{"resortID":5,"seasonID":"2022","dayID":"1","skierID":3840,"time":177,"liftID":33},05/03/2023 14:10:06
57,200,{"resortID":2,"seasonID":"2022","dayID":"1","skierID":47158,"time":194,"liftID":6},05/03/2023 14:10:06
62,200,{"resortID":6,"seasonID":"2022","dayID":"1","skierID":89087,"time":254,"liftID":38},05/03/2023 14:10:06
48,200,{"resortID":4,"seasonID":"2022","dayID":"1","skierID":42944,"time":228,"liftID":32},05/03/2023 14:10:06
47,200,{"resortID":1,"seasonID":"2022","dayID":"1","skierID":96374,"time":328,"liftID":1},05/03/2023 14:10:06
53,200,{"resortID":3,"seasonID":"2022","dayID":"1","skierID":77643,"time":354,"liftID":14},05/03/2023 14:10:06
54,200,{"resortID":4,"seasonID":"2022","dayID":"1","skierID":11213,"time":210,"liftID":22},05/03/2023 14:10:06
55,200,{"resortID":10,"seasonID":"2022","dayID":"1","skierID":91854,"time":228,"liftID":21},05/03/2023 14:10:06
69,200,{"resortID":9,"seasonID":"2022","dayID":"1","skierID":87149,"time":276,"liftID":37},05/03/2023 14:10:06
57,200,{"resortID":4,"seasonID":"2022","dayID":"1","skierID":33730,"time":221,"liftID":8},05/03/2023 14:10:07
98,200,{"resortID":6,"seasonID":"2022","dayID":"1","skierID":79200,"time":246,"liftID":17},05/03/2023 14:10:07
53,200,{"resortID":6,"seasonID":"2022","dayID":"1","skierID":61502,"time":192,"liftID":38},05/03/2023 14:10:07
57,200,{"resortID":9,"seasonID":"2022","dayID":"1","skierID":71992,"time":298,"liftID":39},05/03/2023 14:10:07
53,200,{"resortID":3,"seasonID":"2022","dayID":"1","skierID":83287,"time":139,"liftID":13},05/03/2023 14:10:07
53,200,{"resortID":4,"seasonID":"2022","dayID":"1","skierID":82743,"time":289,"liftID":32},05/03/2023 14:10:07
56,200,{"resortID":5,"seasonID":"2022","dayID":"1","skierID":64629,"time":95,"liftID":32},05/03/2023 14:10:07
56,200,{"resortID":9,"seasonID":"2022","dayID":"1","skierID":22307,"time":353,"liftID":14},05/03/2023 14:10:07
55,200,{"resortID":2,"seasonID":"2022","dayID":"1","skierID":60325,"time":293,"liftID":33},05/03/2023 14:10:07
57,200,{"resortID":1,"seasonID":"2022","dayID":"1","skierID":28052,"time":201,"liftID":23},05/03/2023 14:10:07
58,200,{"resortID":9,"seasonID":"2022","dayID":"1","skierID":33597,"time":350,"liftID":28},05/03/2023 14:10:07
52,200,{"resortID":1,"seasonID":"2022","dayID":"1","skierID":2609,"time":301,"liftID":5},05/03/2023 14:10:07
49,200,{"resortID":9,"seasonID":"2022","dayID":"1","skierID":81316,"time":258,"liftID":11},05/03/2023 14:10:07
48,200,{"resortID":1,"seasonID":"2022","dayID":"1","skierID":71123,"time":104,"liftID":16},05/03/2023 14:10:07
49,200,{"resortID":9,"seasonID":"2022","dayID":"1","skierID":73043,"time":253,"liftID":22},05/03/2023 14:10:07
55,200,{"resortID":3,"seasonID":"2022","dayID":"1","skierID":96008,"time":36,"liftID":21},05/03/2023 14:10:07
86,200,{"resortID":10,"seasonID":"2022","dayID":"1","skierID":78557,"time":27,"liftID":39},05/03/2023 14:10:07
110,200,{"resortID":9,"seasonID":"2022","dayID":"1","skierID":91079,"time":58,"liftID":10},05/03/2023 14:10:08
69,200,{"resortID":9,"seasonID":"2022","dayID":"1","skierID":72230,"time":74,"liftID":30},05/03/2023 14:10:08
53,200,{"resortID":6,"seasonID":"2022","dayID":"1","skierID":70824,"time":186,"liftID":13},05/03/2023 14:10:08
52,200,{"resortID":2,"seasonID":"2022","dayID":"1","skierID":94074,"time":238,"liftID":38},05/03/2023 14:10:08
55,200,{"resortID":1,"seasonID":"2022","dayID":"1","skierID":66368,"time":2,"liftID":15},05/03/2023 14:10:08
52,200,{"resortID":10,"seasonID":"2022","dayID":"1","skierID":73990,"time":338,"liftID":7},05/03/2023 14:10:08
66,200,{"resortID":10,"seasonID":"2022","dayID":"1","skierID":19592,"time":73,"liftID":26},05/03/2023 14:10:08
54,200,{"resortID":4,"seasonID":"2022","dayID":"1","skierID":35675,"time":33,"liftID":13},05/03/2023 14:10:08
56,200,{"resortID":9,"seasonID":"2022","dayID":"1","skierID":73884,"time":160,"liftID":34},05/03/2023 14:10:08
52,200,{"resortID":7,"seasonID":"2022","dayID":"1","skierID":34897,"time":283,"liftID":30},05/03/2023 14:10:08
60,200,{"resortID":1,"seasonID":"2022","dayID":"1","skierID":30970,"time":62,"liftID":20},05/03/2023 14:10:08
48,200,{"resortID":4,"seasonID":"2022","dayID":"1","skierID":40171,"time":38,"liftID":38},05/03/2023 14:10:08
49,200,{"resortID":2,"seasonID":"2022","dayID":"1","skierID":47361,"time":116,"liftID":37},05/03/2023 14:10:08
49,200,{"resortID":6,"seasonID":"2022","dayID":"1","skierID":53643,"time":170,"liftID":21},05/03/2023 14:10:08
48,200,{"resortID":7,"seasonID":"2022","dayID":"1","skierID":62700,"time":147,"liftID":30},05/03/2023 14:10:08
58,200,{"resortID":7,"seasonID":"2022","dayID":"1","skierID":14959,"time":353,"liftID":28},05/03/2023 14:10:08
54,200,{"resortID":7,"seasonID":"2022","dayID":"1","skierID":66313,"time":211,"liftID":33},05/03/2023 14:10:09
63,200,{"resortID":8,"seasonID":"2022","dayID":"1","skierID":48888,"time":181,"liftID":26},05/03/2023 14:10:09
54,200,{"resortID":7,"seasonID":"2022","dayID":"1","skierID":45319,"time":139,"liftID":37},05/03/2023 14:10:09
55,200,{"resortID":6,"seasonID":"2022","dayID":"1","skierID":227,"time":311,"liftID":25},05/03/2023 14:10:09
61,200,{"resortID":4,"seasonID":"2022","dayID":"1","skierID":41593,"time":105,"liftID":27},05/03/2023 14:10:09
51,200,{"resortID":3,"seasonID":"2022","dayID":"1","skierID":86462,"time":43,"liftID":18},05/03/2023 14:10:09
54,200,{"resortID":10,"seasonID":"2022","dayID":"1","skierID":75017,"time":248,"liftID":3},05/03/2023 14:10:09
64,200,{"resortID":8,"seasonID":"2022","dayID":"1","skierID":5894,"time":283,"liftID":5},05/03/2023 14:10:09
61,200,{"resortID":8,"seasonID":"2022","dayID":"1","skierID":81529,"time":83,"liftID":21},05/03/2023 14:10:09
60,200,{"resortID":8,"seasonID":"2022","dayID":"1","skierID":17360,"time":103,"liftID":25},05/03/2023 14:10:09
52,200,{"resortID":1,"seasonID":"2022","dayID":"1","skierID":54550,"time":119,"liftID":29},05/03/2023 14:10:09
52,200,{"resortID":9,"seasonID":"2022","dayID":"1","skierID":30337,"time":268,"liftID":22},05/03/2023 14:10:09
65,200,{"resortID":1,"seasonID":"2022","dayID":"1","skierID":5414,"time":126,"liftID":39},05/03/2023 14:10:09
48,200,{"resortID":9,"seasonID":"2022","dayID":"1","skierID":94548,"time":22,"liftID":37},05/03/2023 14:10:09
48,200,{"resortID":10,"seasonID":"2022","dayID":"1","skierID":79999,"time":97,"liftID":36},05/03/2023 14:10:09
49,200,{"resortID":1,"seasonID":"2022","dayID":"1","skierID":77841,"time":330,"liftID":5},05/03/2023 14:10:09
49,200,{"resortID":1,"seasonID":"2022","dayID":"1","skierID":94241,"time":291,"liftID":2},05/03/2023 14:10:09
58,200,{"resortID":8,"seasonID":"2022","dayID":"1","skierID":16395,"time":310,"liftID":18},05/03/2023 14:10:09
51,200,{"resortID":4,"seasonID":"2022","dayID":"1","skierID":42385,"time":177,"liftID":6},05/03/2023 14:10:10
47,200,{"resortID":3,"seasonID":"2022","dayID":"1","skierID":11514,"time":94,"liftID":9},05/03/2023 14:10:10
46,200,{"resortID":9,"seasonID":"2022","dayID":"1","skierID":31059,"time":127,"liftID":37},05/03/2023 14:10:10
48,200,{"resortID":1,"seasonID":"2022","dayID":"1","skierID":629,"time":303,"liftID":13},05/03/2023 14:10:10
48,200,{"resortID":10,"seasonID":"2022","dayID":"1","skierID":73516,"time":348,"liftID":11},05/03/2023 14:10:10
48,200,{"resortID":4,"seasonID":"2022","dayID":"1","skierID":17635,"time":101,"liftID":14},05/03/2023 14:10:10
48,200,{"resortID":10,"seasonID":"2022","dayID":"1","skierID":18993,"time":248,"liftID":39},05/03/2023 14:10:10
48,200,{"resortID":8,"seasonID":"2022","dayID":"1","skierID":22233,"time":143,"liftID":12},05/03/2023 14:10:10
47,200,{"resortID":3,"seasonID":"2022","dayID":"1","skierID":34115,"time":69,"liftID":13},05/03/2023 14:10:10
47,200,{"resortID":2,"seasonID":"2022","dayID":"1","skierID":3698,"time":199,"liftID":40},05/03/2023 14:10:10
49,200,{"resortID":9,"seasonID":"2022","dayID":"1","skierID":72132,"time":94,"liftID":3},05/03/2023 14:10:10
48,200,{"resortID":2,"seasonID":"2022","dayID":"1","skierID":42552,"time":272,"liftID":25},05/03/2023 14:10:10
52,200,{"resortID":8,"seasonID":"2022","dayID":"1","skierID":79652,"time":337,"liftID":8},05/03/2023 14:10:10
47,200,{"resortID":4,"seasonID":"2022","dayID":"1","skierID":92270,"time":172,"liftID":21},05/03/2023 14:10:10
50,200,{"resortID":10,"seasonID":"2022","dayID":"1","skierID":1809,"time":356,"liftID":31},05/03/2023 14:10:10
52,200,{"resortID":1,"seasonID":"2022","dayID":"1","skierID":943,"time":170,"liftID":37},05/03/2023 14:10:10
48,200,{"resortID":3,"seasonID":"2022","dayID":"1","skierID":65379,"time":89,"liftID":5},05/03/2023 14:10:10
47,200,{"resortID":7,"seasonID":"2022","dayID":"1","skierID":37313,"time":346,"liftID":30},05/03/2023 14:10:10
46,200,{"resortID":1,"seasonID":"2022","dayID":"1","skierID":48826,"time":79,"liftID":11},05/03/2023 14:10:10
54,200,{"resortID":8,"seasonID":"2022","dayID":"1","skierID":95655,"time":211,"liftID":9},05/03/2023 14:10:10
47,200,{"resortID":5,"seasonID":"2022","dayID":"1","skierID":5245,"time":351,"liftID":30},05/03/2023 14:10:11
48,200,{"resortID":3,"seasonID":"2022","dayID":"1","skierID":88785,"time":291,"liftID":13},05/03/2023 14:10:11
47,200,{"resortID":10,"seasonID":"2022","dayID":"1","skierID":51837,"time":146,"liftID":20},05/03/2023 14:10:11
55,200,{"resortID":1,"seasonID":"2022","dayID":"1","skierID":78506,"time":115,"liftID":13},05/03/2023 14:10:11
50,200,{"resortID":2,"seasonID":"2022","dayID":"1","skierID":17158,"time":213,"liftID":9},05/03/2023 14:10:11
48,200,{"resortID":7,"seasonID":"2022","dayID":"1","skierID":45470,"time":259,"liftID":10},05/03/2023 14:10:11
93,200,{"resortID":10,"seasonID":"2022","dayID":"1","skierID":27341,"time":96,"liftID":21},05/03/2023 14:10:11
49,200,{"resortID":4,"seasonID":"2022","dayID":"1","skierID":67620,"time":187,"liftID":31},05/03/2023 14:10:11
52,200,{"resortID":9,"seasonID":"2022","dayID":"1","skierID":74617,"time":356,"liftID":7},05/03/2023 14:10:11
52,200,{"resortID":7,"seasonID":"2022","dayID":"1","skierID":54557,"time":99,"liftID":11},05/03/2023 14:10:11
71,200,{"resortID":6,"seasonID":"2022","dayID":"1","skierID":59303,"time":200,"liftID":33},05/03/2023 14:10:11
69,200,{"resortID":7,"seasonID":"2022","dayID":"1","skierID":73232,"time":217,"liftID":3},05/03/2023 14:10:11
54,200,{"resortID":7,"seasonID":"2022","dayID":"1","skierID":10998,"time":102,"liftID":22},05/03/2023 14:10:11
49,200,{"resortID":9,"seasonID":"2022","dayID":"1","skierID":43563,"time":212,"liftID":23},05/03/2023 14:10:11
57,200,{"resortID":8,"seasonID":"2022","dayID":"1","skierID":40074,"time":208,"liftID":32},05/03/2023 14:10:11
48,200,{"resortID":3,"seasonID":"2022","dayID":"1","skierID":60655,"time":194,"liftID":37},05/03/2023 14:10:11
58,200,{"resortID":2,"seasonID":"2022","dayID":"1","skierID":38110,"time":234,"liftID":18},05/03/2023 14:10:11
64,200,{"resortID":3,"seasonID":"2022","dayID":"1","skierID":35933,"time":114,"liftID":27},05/03/2023 14:10:12
51,200,{"resortID":9,"seasonID":"2022","dayID":"1","skierID":62554,"time":295,"liftID":2},05/03/2023 14:10:12
48,200,{"resortID":4,"seasonID":"2022","dayID":"1","skierID":73922,"time":187,"liftID":38},05/03/2023 14:10:12
52,200,{"resortID":9,"seasonID":"2022","dayID":"1","skierID":59451,"time":34,"liftID":13},05/03/2023 14:10:12
48,200,{"resortID":8,"seasonID":"2022","dayID":"1","skierID":22672,"time":65,"liftID":20},05/03/2023 14:10:12
50,200,{"resortID":10,"seasonID":"2022","dayID":"1","skierID":12738,"time":330,"liftID":13},05/03/2023 14:10:12
48,200,{"resortID":5,"seasonID":"2022","dayID":"1","skierID":76255,"time":299,"liftID":28},05/03/2023 14:10:12
55,200,{"resortID":8,"seasonID":"2022","dayID":"1","skierID":17234,"time":159,"liftID":33},05/03/2023 14:10:12
49,200,{"resortID":3,"seasonID":"2022","dayID":"1","skierID":64479,"time":210,"liftID":9},05/03/2023 14:10:12
49,200,{"resortID":5,"seasonID":"2022","dayID":"1","skierID":63882,"time":291,"liftID":5},05/03/2023 14:10:12
48,200,{"resortID":10,"seasonID":"2022","dayID":"1","skierID":30544,"time":12,"liftID":13},05/03/2023 14:10:12
47,200,{"resortID":9,"seasonID":"2022","dayID":"1","skierID":3330,"time":275,"liftID":13},05/03/2023 14:10:12
58,200,{"resortID":6,"seasonID":"2022","dayID":"1","skierID":74980,"time":267,"liftID":26},05/03/2023 14:10:12
50,200,{"resortID":4,"seasonID":"2022","dayID":"1","skierID":16740,"time":283,"liftID":11},05/03/2023 14:10:12
48,200,{"resortID":9,"seasonID":"2022","dayID":"1","skierID":85521,"time":350,"liftID":17},05/03/2023 14:10:12
45,200,{"resortID":7,"seasonID":"2022","dayID":"1","skierID":56519,"time":273,"liftID":39},05/03/2023 14:10:12
47,200,{"resortID":7,"seasonID":"2022","dayID":"1","skierID":49006,"time":29,"liftID":6},05/03/2023 14:10:12
50,200,{"resortID":3,"seasonID":"2022","dayID":"1","skierID":58795,"time":216,"liftID":8},05/03/2023 14:10:12
51,200,{"resortID":5,"seasonID":"2022","dayID":"1","skierID":59098,"time":189,"liftID":24},05/03/2023 14:10:12
59,200,{"resortID":10,"seasonID":"2022","dayID":"1","skierID":61992,"time":256,"liftID":20},05/03/2023 14:10:13
55,200,{"resortID":5,"seasonID":"2022","dayID":"1","skierID":75387,"time":144,"liftID":9},05/03/2023 14:10:13
48,200,{"resortID":4,"seasonID":"2022","dayID":"1","skierID":64960,"time":242,"liftID":23},05/03/2023 14:10:13
61,200,{"resortID":9,"seasonID":"2022","dayID":"1","skierID":73957,"time":310,"liftID":4},05/03/2023 14:10:13
47,200,{"resortID":5,"seasonID":"2022","dayID":"1","skierID":97310,"time":285,"liftID":31},05/03/2023 14:10:13
47,200,{"resortID":8,"seasonID":"2022","dayID":"1","skierID":59958,"time":141,"liftID":22},05/03/2023 14:10:13
47,200,{"resortID":5,"seasonID":"2022","dayID":"1","skierID":36815,"time":154,"liftID":17},05/03/2023 14:10:13
49,200,{"resortID":3,"seasonID":"2022","dayID":"1","skierID":17005,"time":267,"liftID":28},05/03/2023 14:10:13
47,200,{"resortID":4,"seasonID":"2022","dayID":"1","skierID":69304,"time":47,"liftID":21},05/03/2023 14:10:13
51,200,{"resortID":5,"seasonID":"2022","dayID":"1","skierID":80398,"time":15,"liftID":9},05/03/2023 14:10:13
49,200,{"resortID":5,"seasonID":"2022","dayID":"1","skierID":39899,"time":236,"liftID":12},05/03/2023 14:10:13
49,200,{"resortID":6,"seasonID":"2022","dayID":"1","skierID":19063,"time":93,"liftID":37},05/03/2023 14:10:13
50,200,{"resortID":7,"seasonID":"2022","dayID":"1","skierID":51238,"time":81,"liftID":21},05/03/2023 14:10:13
57,200,{"resortID":1,"seasonID":"2022","dayID":"1","skierID":62557,"time":92,"liftID":27},05/03/2023 14:10:13
48,200,{"resortID":5,"seasonID":"2022","dayID":"1","skierID":9045,"time":9,"liftID":17},05/03/2023 14:10:13
49,200,{"resortID":1,"seasonID":"2022","dayID":"1","skierID":332,"time":116,"liftID":20},05/03/2023 14:10:13
47,200,{"resortID":1,"seasonID":"2022","dayID":"1","skierID":54781,"time":219,"liftID":22},05/03/2023 14:10:13
48,200,{"resortID":1,"seasonID":"2022","dayID":"1","skierID":33780,"time":136,"liftID":10},05/03/2023 14:10:13
50,200,{"resortID":7,"seasonID":"2022","dayID":"1","skierID":55218,"time":255,"liftID":14},05/03/2023 14:10:13
65,200,{"resortID":2,"seasonID":"2022","dayID":"1","skierID":71403,"time":195,"liftID":6},05/03/2023 14:10:13
49,200,{"resortID":5,"seasonID":"2022","dayID":"1","skierID":10462,"time":244,"liftID":33},05/03/2023 14:10:14
47,200,{"resortID":4,"seasonID":"2022","dayID":"1","skierID":29386,"time":59,"liftID":11},05/03/2023 14:10:14
52,200,{"resortID":4,"seasonID":"2022","dayID":"1","skierID":35416,"time":13,"liftID":12},05/03/2023 14:10:14
50,200,{"resortID":9,"seasonID":"2022","dayID":"1","skierID":70754,"time":10,"liftID":39},05/03/2023 14:10:14
48,200,{"resortID":5,"seasonID":"2022","dayID":"1","skierID":71027,"time":202,"liftID":38},05/03/2023 14:10:14
49,200,{"resortID":4,"seasonID":"2022","dayID":"1","skierID":94553,"time":248,"liftID":30},05/03/2023 14:10:14
47,200,{"resortID":3,"seasonID":"2022","dayID":"1","skierID":20047,"time":336,"liftID":34},05/03/2023 14:10:14
46,200,{"resortID":3,"seasonID":"2022","dayID":"1","skierID":61334,"time":154,"liftID":11},05/03/2023 14:10:14
49,200,{"resortID":8,"seasonID":"2022","dayID":"1","skierID":99081,"time":349,"liftID":26},05/03/2023 14:10:14
49,200,{"resortID":3,"seasonID":"2022","dayID":"1","skierID":43207,"time":343,"liftID":13},05/03/2023 14:10:14
52,200,{"resortID":3,"seasonID":"2022","dayID":"1","skierID":11671,"time":271,"liftID":30},05/03/2023 14:10:14
48,200,{"resortID":9,"seasonID":"2022","dayID":"1","skierID":92608,"time":161,"liftID":27},05/03/2023 14:10:14
51,200,{"resortID":4,"seasonID":"2022","dayID":"1","skierID":33140,"time":113,"liftID":33},05/03/2023 14:10:14
51,200,{"resortID":6,"seasonID":"2022","dayID":"1","skierID":63807,"time":237,"liftID":31},05/03/2023 14:10:14
78,200,{"resortID":10,"seasonID":"2022","dayID":"1","skierID":13240,"time":194,"liftID":11},05/03/2023 14:10:14
76,200,{"resortID":6,"seasonID":"2022","dayID":"1","skierID":37786,"time":102,"liftID":25},05/03/2023 14:10:14
70,200,{"resortID":9,"seasonID":"2022","dayID":"1","skierID":67406,"time":191,"liftID":11},05/03/2023 14:10:14
68,200,{"resortID":1,"seasonID":"2022","dayID":"1","skierID":10822,"time":323,"liftID":18},05/03/2023 14:10:14
49,200,{"resortID":4,"seasonID":"2022","dayID":"1","skierID":49968,"time":107,"liftID":29},05/03/2023 14:10:15
49,200,{"resortID":9,"seasonID":"2022","dayID":"1","skierID":85817,"time":325,"liftID":28},05/03/2023 14:10:15
48,200,{"resortID":1,"seasonID":"2022","dayID":"1","skierID":75677,"time":203,"liftID":35},05/03/2023 14:10:15
48,200,{"resortID":1,"seasonID":"2022","dayID":"1","skierID":39776,"time":106,"liftID":18},05/03/2023 14:10:15
48,200,{"resortID":1,"seasonID":"2022","dayID":"1","skierID":71028,"time":218,"liftID":29},05/03/2023 14:10:15
49,200,{"resortID":4,"seasonID":"2022","dayID":"1","skierID":26062,"time":207,"liftID":5},05/03/2023 14:10:15
48,200,{"resortID":3,"seasonID":"2022","dayID":"1","skierID":45428,"time":246,"liftID":11},05/03/2023 14:10:15
50,200,{"resortID":8,"seasonID":"2022","dayID":"1","skierID":7134,"time":359,"liftID":25},05/03/2023 14:10:15
57,200,{"resortID":10,"seasonID":"2022","dayID":"1","skierID":15138,"time":100,"liftID":29},05/03/2023 14:10:15
46,200,{"resortID":9,"seasonID":"2022","dayID":"1","skierID":80675,"time":255,"liftID":30},05/03/2023 14:10:15
50,200,{"resortID":8,"seasonID":"2022","dayID":"1","skierID":61283,"time":182,"liftID":6},05/03/2023 14:10:15
46,200,{"resortID":7,"seasonID":"2022","dayID":"1","skierID":38272,"time":231,"liftID":35},05/03/2023 14:10:15
47,200,{"resortID":3,"seasonID":"2022","dayID":"1","skierID":98336,"time":245,"liftID":29},05/03/2023 14:10:15
46,200,{"resortID":3,"seasonID":"2022","dayID":"1","skierID":89198,"time":57,"liftID":4},05/03/2023 14:10:15
48,200,{"resortID":10,"seasonID":"2022","dayID":"1","skierID":42727,"time":39,"liftID":32},05/03/2023 14:10:15
47,200,{"resortID":4,"seasonID":"2022","dayID":"1","skierID":18270,"time":311,"liftID":7},05/03/2023 14:10:15
46,200,{"resortID":1,"seasonID":"2022","dayID":"1","skierID":70487,"time":284,"liftID":4},05/03/2023 14:10:15
47,200,{"resortID":7,"seasonID":"2022","dayID":"1","skierID":68154,"time":30,"liftID":32},05/03/2023 14:10:15
50,200,{"resortID":4,"seasonID":"2022","dayID":"1","skierID":85424,"time":116,"liftID":40},05/03/2023 14:10:15
73,200,{"resortID":3,"seasonID":"2022","dayID":"1","skierID":31146,"time":52,"liftID":13},05/03/2023 14:10:15
49,200,{"resortID":5,"seasonID":"2022","dayID":"1","skierID":91812,"time":269,"liftID":8},05/03/2023 14:10:16
47,200,{"resortID":3,"seasonID":"2022","dayID":"1","skierID":30176,"time":216,"liftID":13},05/03/2023 14:10:16
49,200,{"resortID":2,"seasonID":"2022","dayID":"1","skierID":5686,"time":47,"liftID":29},05/03/2023 14:10:16
47,200,{"resortID":1,"seasonID":"2022","dayID":"1","skierID":82155,"time":19,"liftID":31},05/03/2023 14:10:16
46,200,{"resortID":5,"seasonID":"2022","dayID":"1","skierID":85177,"time":252,"liftID":33},05/03/2023 14:10:16
49,200,{"resortID":1,"seasonID":"2022","dayID":"1","skierID":5505,"time":119,"liftID":37},05/03/2023 14:10:16
50,200,{"resortID":10,"seasonID":"2022","dayID":"1","skierID":66355,"time":245,"liftID":8},05/03/2023 14:10:16
60,200,{"resortID":8,"seasonID":"2022","dayID":"1","skierID":49747,"time":301,"liftID":36},05/03/2023 14:10:16
90,200,{"resortID":4,"seasonID":"2022","dayID":"1","skierID":63061,"time":166,"liftID":16},05/03/2023 14:10:16
236,200,{"resortID":4,"seasonID":"2022","dayID":"1","skierID":83883,"time":140,"liftID":25},05/03/2023 14:10:16
63,200,{"resortID":6,"seasonID":"2022","dayID":"1","skierID":74813,"time":278,"liftID":39},05/03/2023 14:10:16
47,200,{"resortID":8,"seasonID":"2022","dayID":"1","skierID":91734,"time":234,"liftID":19},05/03/2023 14:10:16
48,200,{"resortID":5,"seasonID":"2022","dayID":"1","skierID":94475,"time":122,"liftID":8},05/03/2023 14:10:16
79,200,{"resortID":5,"seasonID":"2022","dayID":"1","skierID":14550,"time":4,"liftID":27},05/03/2023 14:10:16
64,200,{"resortID":4,"seasonID":"2022","dayID":"1","skierID":33159,"time":62,"liftID":9},05/03/2023 14:10:17
51,200,{"resortID":9,"seasonID":"2022","dayID":"1","skierID":57372,"time":256,"liftID":16},05/03/2023 14:10:17
128,200,{"resortID":10,"seasonID":"2022","dayID":"1","skierID":17681,"time":201,"liftID":34},05/03/2023 14:10:17
60,200,{"resortID":10,"seasonID":"2022","dayID":"1","skierID":89697,"time":340,"liftID":26},05/03/2023 14:10:17
55,200,{"resortID":8,"seasonID":"2022","dayID":"1","skierID":65755,"time":176,"liftID":4},05/03/2023 14:10:17
48,200,{"resortID":8,"seasonID":"2022","dayID":"1","skierID":96143,"time":178,"liftID":28},05/03/2023 14:10:17
49,200,{"resortID":2,"seasonID":"2022","dayID":"1","skierID":72389,"time":77,"liftID":1},05/03/2023 14:10:17
49,200,{"resortID":4,"seasonID":"2022","dayID":"1","skierID":42629,"time":52,"liftID":11},05/03/2023 14:10:17
51,200,{"resortID":1,"seasonID":"2022","dayID":"1","skierID":41780,"time":42,"liftID":33},05/03/2023 14:10:17
50,200,{"resortID":4,"seasonID":"2022","dayID":"1","skierID":39519,"time":47,"liftID":29},05/03/2023 14:10:17
49,200,{"resortID":8,"seasonID":"2022","dayID":"1","skierID":61223,"time":229,"liftID":14},05/03/2023 14:10:17
46,200,{"resortID":10,"seasonID":"2022","dayID":"1","skierID":27311,"time":124,"liftID":5},05/03/2023 14:10:17
49,200,{"resortID":6,"seasonID":"2022","dayID":"1","skierID":81800,"time":101,"liftID":27},05/03/2023 14:10:17
49,200,{"resortID":9,"seasonID":"2022","dayID":"1","skierID":11042,"time":58,"liftID":5},05/03/2023 14:10:17
48,200,{"resortID":6,"seasonID":"2022","dayID":"1","skierID":52416,"time":239,"liftID":32},05/03/2023 14:10:17
56,200,{"resortID":5,"seasonID":"2022","dayID":"1","skierID":54637,"time":349,"liftID":39},05/03/2023 14:10:17
59,200,{"resortID":8,"seasonID":"2022","dayID":"1","skierID":55131,"time":285,"liftID":28},05/03/2023 14:10:17
51,200,{"resortID":6,"seasonID":"2022","dayID":"1","skierID":67122,"time":60,"liftID":38},05/03/2023 14:10:18
47,200,{"resortID":1,"seasonID":"2022","dayID":"1","skierID":52004,"time":344,"liftID":18},05/03/2023 14:10:18
68,200,{"resortID":3,"seasonID":"2022","dayID":"1","skierID":19909,"time":71,"liftID":3},05/03/2023 14:10:18
54,200,{"resortID":2,"seasonID":"2022","dayID":"1","skierID":84302,"time":147,"liftID":20},05/03/2023 14:10:18
50,200,{"resortID":1,"seasonID":"2022","dayID":"1","skierID":53102,"time":68,"liftID":8},05/03/2023 14:10:18
49,200,{"resortID":7,"seasonID":"2022","dayID":"1","skierID":55817,"time":338,"liftID":24},05/03/2023 14:10:18
48,200,{"resortID":1,"seasonID":"2022","dayID":"1","skierID":63827,"time":70,"liftID":10},05/03/2023 14:10:18
47,200,{"resortID":7,"seasonID":"2022","dayID":"1","skierID":21287,"time":258,"liftID":38},05/03/2023 14:10:18
50,200,{"resortID":6,"seasonID":"2022","dayID":"1","skierID":73239,"time":111,"liftID":22},05/03/2023 14:10:18
47,200,{"resortID":1,"seasonID":"2022","dayID":"1","skierID":90607,"time":207,"liftID":27},05/03/2023 14:10:18
50,200,{"resortID":7,"seasonID":"2022","dayID":"1","skierID":64510,"time":145,"liftID":2},05/03/2023 14:10:18
50,200,{"resortID":1,"seasonID":"2022","dayID":"1","skierID":81818,"time":80,"liftID":9},05/03/2023 14:10:18
53,200,{"resortID":10,"seasonID":"2022","dayID":"1","skierID":44324,"time":214,"liftID":18},05/03/2023 14:10:18
49,200,{"resortID":4,"seasonID":"2022","dayID":"1","skierID":77630,"time":158,"liftID":4},05/03/2023 14:10:18
48,200,{"resortID":5,"seasonID":"2022","dayID":"1","skierID":58272,"time":33,"liftID":24},05/03/2023 14:10:18
46,200,{"resortID":3,"seasonID":"2022","dayID":"1","skierID":29175,"time":291,"liftID":37},05/03/2023 14:10:18
48,200,{"resortID":6,"seasonID":"2022","dayID":"1","skierID":17436,"time":37,"liftID":33},05/03/2023 14:10:18
50,200,{"resortID":3,"seasonID":"2022","dayID":"1","skierID":59748,"time":81,"liftID":5},05/03/2023 14:10:18
69,200,{"resortID":10,"seasonID":"2022","dayID":"1","skierID":42523,"time":62,"liftID":21},05/03/2023 14:10:18
55,200,{"resortID":5,"seasonID":"2022","dayID":"1","skierID":389,"time":252,"liftID":27},05/03/2023 14:10:19
47,200,{"resortID":10,"seasonID":"2022","dayID":"1","skierID":38184,"time":106,"liftID":25},05/03/2023 14:10:19
57,200,{"resortID":5,"seasonID":"2022","dayID":"1","skierID":40919,"time":125,"liftID":18},05/03/2023 14:10:19
60,200,{"resortID":9,"seasonID":"2022","dayID":"1","skierID":48981,"time":190,"liftID":35},05/03/2023 14:10:19
55,200,{"resortID":8,"seasonID":"2022","dayID":"1","skierID":4807,"time":275,"liftID":20},05/03/2023 14:10:19
48,200,{"resortID":5,"seasonID":"2022","dayID":"1","skierID":61753,"time":182,"liftID":1},05/03/2023 14:10:19
53,200,{"resortID":3,"seasonID":"2022","dayID":"1","skierID":73668,"time":276,"liftID":16},05/03/2023 14:10:19
47,200,{"resortID":8,"seasonID":"2022","dayID":"1","skierID":87902,"time":256,"liftID":4},05/03/2023 14:10:19
47,200,{"resortID":5,"seasonID":"2022","dayID":"1","skierID":85124,"time":14,"liftID":26},05/03/2023 14:10:19
52,200,{"resortID":5,"seasonID":"2022","dayID":"1","skierID":89123,"time":50,"liftID":32},05/03/2023 14:10:19
47,200,{"resortID":4,"seasonID":"2022","dayID":"1","skierID":16627,"time":58,"liftID":24},05/03/2023 14:10:19
53,200,{"resortID":8,"seasonID":"2022","dayID":"1","skierID":45359,"time":24,"liftID":17},05/03/2023 14:10:19
48,200,{"resortID":10,"seasonID":"2022","dayID":"1","skierID":58712,"time":14,"liftID":21},05/03/2023 14:10:19
52,200,{"resortID":5,"seasonID":"2022","dayID":"1","skierID":70020,"time":348,"liftID":22},05/03/2023 14:10:19
97,200,{"resortID":1,"seasonID":"2022","dayID":"1","skierID":48748,"time":240,"liftID":15},05/03/2023 14:10:19
124,200,{"resortID":4,"seasonID":"2022","dayID":"1","skierID":71356,"time":311,"liftID":3},05/03/2023 14:10:19
59,200,{"resortID":8,"seasonID":"2022","dayID":"1","skierID":57549,"time":165,"liftID":27},05/03/2023 14:10:20
105,200,{"resortID":9,"seasonID":"2022","dayID":"1","skierID":68504,"time":31,"liftID":39},05/03/2023 14:10:20
47,200,{"resortID":10,"seasonID":"2022","dayID":"1","skierID":18331,"time":93,"liftID":35},05/03/2023 14:10:20
47,200,{"resortID":10,"seasonID":"2022","dayID":"1","skierID":64152,"time":42,"liftID":8},05/03/2023 14:10:20
49,200,{"resortID":8,"seasonID":"2022","dayID":"1","skierID":41838,"time":27,"liftID":27},05/03/2023 14:10:20
48,200,{"resortID":3,"seasonID":"2022","dayID":"1","skierID":50990,"time":233,"liftID":19},05/03/2023 14:10:20
47,200,{"resortID":3,"seasonID":"2022","dayID":"1","skierID":90213,"time":14,"liftID":28},05/03/2023 14:10:20
48,200,{"resortID":7,"seasonID":"2022","dayID":"1","skierID":48668,"time":62,"liftID":14},05/03/2023 14:10:20
49,200,{"resortID":10,"seasonID":"2022","dayID":"1","skierID":28666,"time":96,"liftID":32},05/03/2023 14:10:20
48,200,{"resortID":10,"seasonID":"2022","dayID":"1","skierID":64111,"time":331,"liftID":39},05/03/2023 14:10:20
48,200,{"resortID":8,"seasonID":"2022","dayID":"1","skierID":38807,"time":90,"liftID":12},05/03/2023 14:10:20
52,200,{"resortID":3,"seasonID":"2022","dayID":"1","skierID":24021,"time":213,"liftID":34},05/03/2023 14:10:20
49,200,{"resortID":2,"seasonID":"2022","dayID":"1","skierID":63347,"time":118,"liftID":12},05/03/2023 14:10:20
46,200,{"resortID":8,"seasonID":"2022","dayID":"1","skierID":52523,"time":253,"liftID":28},05/03/2023 14:10:20
47,200,{"resortID":9,"seasonID":"2022","dayID":"1","skierID":64530,"time":180,"liftID":20},05/03/2023 14:10:20
48,200,{"resortID":4,"seasonID":"2022","dayID":"1","skierID":66531,"time":340,"liftID":34},05/03/2023 14:10:20
59,200,{"resortID":8,"seasonID":"2022","dayID":"1","skierID":88681,"time":161,"liftID":22},05/03/2023 14:10:20
49,200,{"resortID":7,"seasonID":"2022","dayID":"1","skierID":29468,"time":332,"liftID":22},05/03/2023 14:10:20
57,200,{"resortID":1,"seasonID":"2022","dayID":"1","skierID":22676,"time":195,"liftID":28},05/03/2023 14:10:20
49,200,{"resortID":4,"seasonID":"2022","dayID":"1","skierID":19214,"time":44,"liftID":31},05/03/2023 14:10:21
51,200,{"resortID":6,"seasonID":"2022","dayID":"1","skierID":81435,"time":142,"liftID":40},05/03/2023 14:10:21
47,200,{"resortID":7,"seasonID":"2022","dayID":"1","skierID":55988,"time":94,"liftID":9},05/03/2023 14:10:21
54,200,{"resortID":8,"seasonID":"2022","dayID":"1","skierID":30450,"time":329,"liftID":10},05/03/2023 14:10:21
50,200,{"resortID":1,"seasonID":"2022","dayID":"1","skierID":81777,"time":201,"liftID":16},05/03/2023 14:10:21
50,200,{"resortID":2,"seasonID":"2022","dayID":"1","skierID":53543,"time":123,"liftID":18},05/03/2023 14:10:21
51,200,{"resortID":3,"seasonID":"2022","dayID":"1","skierID":79768,"time":88,"liftID":38},05/03/2023 14:10:21
50,200,{"resortID":9,"seasonID":"2022","dayID":"1","skierID":63797,"time":152,"liftID":32},05/03/2023 14:10:21
50,200,{"resortID":2,"seasonID":"2022","dayID":"1","skierID":42902,"time":17,"liftID":32},05/03/2023 14:10:21
53,200,{"resortID":6,"seasonID":"2022","dayID":"1","skierID":36536,"time":158,"liftID":25},05/03/2023 14:10:21
48,200,{"resortID":3,"seasonID":"2022","dayID":"1","skierID":24584,"time":218,"liftID":37},05/03/2023 14:10:21
48,200,{"resortID":1,"seasonID":"2022","dayID":"1","skierID":49876,"time":145,"liftID":27},05/03/2023 14:10:21
49,200,{"resortID":4,"seasonID":"2022","dayID":"1","skierID":47192,"time":286,"liftID":7},05/03/2023 14:10:21
50,200,{"resortID":4,"seasonID":"2022","dayID":"1","skierID":27629,"time":235,"liftID":36},05/03/2023 14:10:21
46,200,{"resortID":3,"seasonID":"2022","dayID":"1","skierID":38981,"time":217,"liftID":29},05/03/2023 14:10:21
47,200,{"resortID":8,"seasonID":"2022","dayID":"1","skierID":56629,"time":346,"liftID":38},05/03/2023 14:10:21
46,200,{"resortID":3,"seasonID":"2022","dayID":"1","skierID":77124,"time":165,"liftID":37},05/03/2023 14:10:21
47,200,{"resortID":9,"seasonID":"2022","dayID":"1","skierID":76648,"time":316,"liftID":19},05/03/2023 14:10:21
53,200,{"resortID":1,"seasonID":"2022","dayID":"1","skierID":12067,"time":290,"liftID":17},05/03/2023 14:10:21
51,200,{"resortID":1,"seasonID":"2022","dayID":"1","skierID":22208,"time":97,"liftID":19},05/03/2023 14:10:22
48,200,{"resortID":10,"seasonID":"2022","dayID":"1","skierID":59415,"time":38,"liftID":27},05/03/2023 14:10:22
55,200,{"resortID":2,"seasonID":"2022","dayID":"1","skierID":93361,"time":234,"liftID":38},05/03/2023 14:10:22
44,200,{"resortID":2,"seasonID":"2022","dayID":"1","skierID":72247,"time":260,"liftID":2},05/03/2023 14:10:22
47,200,{"resortID":1,"seasonID":"2022","dayID":"1","skierID":68347,"time":191,"liftID":27},05/03/2023 14:10:22
60,200,{"resortID":4,"seasonID":"2022","dayID":"1","skierID":62906,"time":316,"liftID":10},05/03/2023 14:10:22
47,200,{"resortID":1,"seasonID":"2022","dayID":"1","skierID":81984,"time":34,"liftID":23},05/03/2023 14:10:22
48,200,{"resortID":8,"seasonID":"2022","dayID":"1","skierID":46648,"time":83,"liftID":10},05/03/2023 14:10:22
51,200,{"resortID":3,"seasonID":"2022","dayID":"1","skierID":42347,"time":315,"liftID":7},05/03/2023 14:10:22
50,200,{"resortID":4,"seasonID":"2022","dayID":"1","skierID":50387,"time":346,"liftID":8},05/03/2023 14:10:22
46,200,{"resortID":10,"seasonID":"2022","dayID":"1","skierID":31211,"time":241,"liftID":23},05/03/2023 14:10:22
50,200,{"resortID":5,"seasonID":"2022","dayID":"1","skierID":84847,"time":284,"liftID":31},05/03/2023 14:10:22
48,200,{"resortID":4,"seasonID":"2022","dayID":"1","skierID":62917,"time":259,"liftID":5},05/03/2023 14:10:22
47,200,{"resortID":7,"seasonID":"2022","dayID":"1","skierID":85371,"time":298,"liftID":13},05/03/2023 14:10:22
51,200,{"resortID":3,"seasonID":"2022","dayID":"1","skierID":28522,"time":198,"liftID":22},05/03/2023 14:10:22
47,200,{"resortID":10,"seasonID":"2022","dayID":"1","skierID":74935,"time":43,"liftID":28},05/03/2023 14:10:22
49,200,{"resortID":4,"seasonID":"2022","dayID":"1","skierID":20453,"time":136,"liftID":34},05/03/2023 14:10:22
52,200,{"resortID":7,"seasonID":"2022","dayID":"1","skierID":63954,"time":181,"liftID":31},05/03/2023 14:10:22
53,200,{"resortID":1,"seasonID":"2022","dayID":"1","skierID":25983,"time":258,"liftID":28},05/03/2023 14:10:22
61,200,{"resortID":2,"seasonID":"2022","dayID":"1","skierID":7927,"time":112,"liftID":17},05/03/2023 14:10:22
46,200,{"resortID":2,"seasonID":"2022","dayID":"1","skierID":58104,"time":279,"liftID":6},05/03/2023 14:10:23
47,200,{"resortID":2,"seasonID":"2022","dayID":"1","skierID":43052,"time":282,"liftID":7},05/03/2023 14:10:23
54,200,{"resortID":1,"seasonID":"2022","dayID":"1","skierID":97564,"time":229,"liftID":35},05/03/2023 14:10:23
50,200,{"resortID":4,"seasonID":"2022","dayID":"1","skierID":39366,"time":280,"liftID":20},05/03/2023 14:10:23
48,200,{"resortID":10,"seasonID":"2022","dayID":"1","skierID":68849,"time":86,"liftID":34},05/03/2023 14:10:23
46,200,{"resortID":4,"seasonID":"2022","dayID":"1","skierID":18230,"time":68,"liftID":19},05/03/2023 14:10:23
48,200,{"resortID":1,"seasonID":"2022","dayID":"1","skierID":69742,"time":105,"liftID":10},05/03/2023 14:10:23
58,200,{"resortID":8,"seasonID":"2022","dayID":"1","skierID":40118,"time":58,"liftID":16},05/03/2023 14:10:23
51,200,{"resortID":1,"seasonID":"2022","dayID":"1","skierID":16071,"time":181,"liftID":35},05/03/2023 14:10:23
57,200,{"resortID":8,"seasonID":"2022","dayID":"1","skierID":16575,"time":129,"liftID":20},05/03/2023 14:10:23
49,200,{"resortID":1,"seasonID":"2022","dayID":"1","skierID":39578,"time":5,"liftID":23},05/03/2023 14:10:23
49,200,{"resortID":3,"seasonID":"2022","dayID":"1","skierID":17148,"time":343,"liftID":33},05/03/2023 14:10:23
49,200,{"resortID":3,"seasonID":"2022","dayID":"1","skierID":92313,"time":30,"liftID":39},05/03/2023 14:10:23
53,200,{"resortID":1,"seasonID":"2022","dayID":"1","skierID":1145,"time":330,"liftID":14},05/03/2023 14:10:23
88,200,{"resortID":4,"seasonID":"2022","dayID":"1","skierID":54282,"time":312,"liftID":5},05/03/2023 14:10:23
99,200,{"resortID":3,"seasonID":"2022","dayID":"1","skierID":23193,"time":51,"liftID":38},05/03/2023 14:10:23
99,200,{"resortID":1,"seasonID":"2022","dayID":"1","skierID":78126,"time":285,"liftID":9},05/03/2023 14:10:23
138,200,{"resortID":1,"seasonID":"2022","dayID":"1","skierID":81864,"time":211,"liftID":38},05/03/2023 14:10:24
59,200,{"resortID":5,"seasonID":"2022","dayID":"1","skierID":54926,"time":48,"liftID":36},05/03/2023 14:10:24
49,200,{"resortID":10,"seasonID":"2022","dayID":"1","skierID":22370,"time":30,"liftID":15},05/03/2023 14:10:24
51,200,{"resortID":7,"seasonID":"2022","dayID":"1","skierID":7156,"time":155,"liftID":21},05/03/2023 14:10:24
48,200,{"resortID":4,"seasonID":"2022","dayID":"1","skierID":94638,"time":194,"liftID":29},05/03/2023 14:10:24
55,200,{"resortID":7,"seasonID":"2022","dayID":"1","skierID":7720,"time":66,"liftID":26},05/03/2023 14:10:24
48,200,{"resortID":3,"seasonID":"2022","dayID":"1","skierID":69677,"time":34,"liftID":14},05/03/2023 14:10:24
49,200,{"resortID":3,"seasonID":"2022","dayID":"1","skierID":36341,"time":97,"liftID":39},05/03/2023 14:10:24
45,200,{"resortID":6,"seasonID":"2022","dayID":"1","skierID":96482,"time":213,"liftID":17},05/03/2023 14:10:24
46,200,{"resortID":7,"seasonID":"2022","dayID":"1","skierID":78696,"time":125,"liftID":20},05/03/2023 14:10:24
46,200,{"resortID":4,"seasonID":"2022","dayID":"1","skierID":41052,"time":155,"liftID":22},05/03/2023 14:10:24
51,200,{"resortID":3,"seasonID":"2022","dayID":"1","skierID":97856,"time":178,"liftID":5},05/03/2023 14:10:24
50,200,{"resortID":1,"seasonID":"2022","dayID":"1","skierID":55346,"time":258,"liftID":26},05/03/2023 14:10:24
49,200,{"resortID":5,"seasonID":"2022","dayID":"1","skierID":83489,"time":260,"liftID":24},05/03/2023 14:10:24
49,200,{"resortID":3,"seasonID":"2022","dayID":"1","skierID":66401,"time":60,"liftID":4},05/03/2023 14:10:24
49,200,{"resortID":5,"seasonID":"2022","dayID":"1","skierID":41622,"time":130,"liftID":27},05/03/2023 14:10:24
64,200,{"resortID":9,"seasonID":"2022","dayID":"1","skierID":23907,"time":261,"liftID":21},05/03/2023 14:10:24
53,200,{"resortID":9,"seasonID":"2022","dayID":"1","skierID":78264,"time":250,"liftID":23},05/03/2023 14:10:25
82,200,{"resortID":4,"seasonID":"2022","dayID":"1","skierID":6113,"time":60,"liftID":39},05/03/2023 14:10:25
47,200,{"resortID":5,"seasonID":"2022","dayID":"1","skierID":13891,"time":52,"liftID":6},05/03/2023 14:10:25
48,200,{"resortID":5,"seasonID":"2022","dayID":"1","skierID":58937,"time":98,"liftID":37},05/03/2023 14:10:25
48,200,{"resortID":6,"seasonID":"2022","dayID":"1","skierID":3254,"time":324,"liftID":22},05/03/2023 14:10:25
50,200,{"resortID":10,"seasonID":"2022","dayID":"1","skierID":13088,"time":251,"liftID":22},05/03/2023 14:10:25
48,200,{"resortID":10,"seasonID":"2022","dayID":"1","skierID":90239,"time":318,"liftID":32},05/03/2023 14:10:25
46,200,{"resortID":7,"seasonID":"2022","dayID":"1","skierID":44858,"time":306,"liftID":6},05/03/2023 14:10:25
48,200,{"resortID":3,"seasonID":"2022","dayID":"1","skierID":91464,"time":15,"liftID":10},05/03/2023 14:10:25
51,200,{"resortID":8,"seasonID":"2022","dayID":"1","skierID":51282,"time":207,"liftID":32},05/03/2023 14:10:25
46,200,{"resortID":2,"seasonID":"2022","dayID":"1","skierID":28895,"time":126,"liftID":36},05/03/2023 14:10:25
47,200,{"resortID":5,"seasonID":"2022","dayID":"1","skierID":56643,"time":172,"liftID":39},05/03/2023 14:10:25
47,200,{"resortID":3,"seasonID":"2022","dayID":"1","skierID":54994,"time":82,"liftID":6},05/03/2023 14:10:25
54,200,{"resortID":5,"seasonID":"2022","dayID":"1","skierID":40597,"time":311,"liftID":20},05/03/2023 14:10:25
48,200,{"resortID":4,"seasonID":"2022","dayID":"1","skierID":20170,"time":269,"liftID":23},05/03/2023 14:10:25
47,200,{"resortID":10,"seasonID":"2022","dayID":"1","skierID":76109,"time":300,"liftID":14},05/03/2023 14:10:25
56,200,{"resortID":1,"seasonID":"2022","dayID":"1","skierID":77676,"time":297,"liftID":8},05/03/2023 14:10:25
56,200,{"resortID":3,"seasonID":"2022","dayID":"1","skierID":8744,"time":54,"liftID":26},05/03/2023 14:10:25
48,200,{"resortID":1,"seasonID":"2022","dayID":"1","skierID":60038,"time":122,"liftID":35},05/03/2023 14:10:25
54,200,{"resortID":3,"seasonID":"2022","dayID":"1","skierID":16099,"time":310,"liftID":25},05/03/2023 14:10:26
50,200,{"resortID":2,"seasonID":"2022","dayID":"1","skierID":81356,"time":125,"liftID":26},05/03/2023 14:10:26
48,200,{"resortID":6,"seasonID":"2022","dayID":"1","skierID":15108,"time":348,"liftID":3},05/03/2023 14:10:26
52,200,{"resortID":8,"seasonID":"2022","dayID":"1","skierID":51044,"time":157,"liftID":30},05/03/2023 14:10:26
53,200,{"resortID":3,"seasonID":"2022","dayID":"1","skierID":3538,"time":288,"liftID":35},05/03/2023 14:10:26
47,200,{"resortID":6,"seasonID":"2022","dayID":"1","skierID":67668,"time":164,"liftID":22},05/03/2023 14:10:26
47,200,{"resortID":7,"seasonID":"2022","dayID":"1","skierID":29366,"time":33,"liftID":29},05/03/2023 14:10:26
54,200,{"resortID":6,"seasonID":"2022","dayID":"1","skierID":94625,"time":120,"liftID":38},05/03/2023 14:10:26
53,200,{"resortID":9,"seasonID":"2022","dayID":"1","skierID":14402,"time":114,"liftID":20},05/03/2023 14:10:26
45,200,{"resortID":8,"seasonID":"2022","dayID":"1","skierID":77274,"time":112,"liftID":36},05/03/2023 14:10:26
49,200,{"resortID":9,"seasonID":"2022","dayID":"1","skierID":64298,"time":342,"liftID":37},05/03/2023 14:10:26
46,200,{"resortID":10,"seasonID":"2022","dayID":"1","skierID":38532,"time":20,"liftID":15},05/03/2023 14:10:26
49,200,{"resortID":2,"seasonID":"2022","dayID":"1","skierID":25751,"time":188,"liftID":2},05/03/2023 14:10:26
45,200,{"resortID":8,"seasonID":"2022","dayID":"1","skierID":11579,"time":137,"liftID":7},05/03/2023 14:10:26
48,200,{"resortID":8,"seasonID":"2022","dayID":"1","skierID":51479,"time":33,"liftID":7},05/03/2023 14:10:26
50,200,{"resortID":9,"seasonID":"2022","dayID":"1","skierID":63508,"time":97,"liftID":37},05/03/2023 14:10:26
48,200,{"resortID":3,"seasonID":"2022","dayID":"1","skierID":25752,"time":200,"liftID":3},05/03/2023 14:10:26
45,200,{"resortID":4,"seasonID":"2022","dayID":"1","skierID":9879,"time":233,"liftID":32},05/03/2023 14:10:26
55,200,{"resortID":6,"seasonID":"2022","dayID":"1","skierID":14503,"time":73,"liftID":23},05/03/2023 14:10:26
56,200,{"resortID":5,"seasonID":"2022","dayID":"1","skierID":58121,"time":218,"liftID":25},05/03/2023 14:10:26
51,200,{"resortID":9,"seasonID":"2022","dayID":"1","skierID":96431,"time":31,"liftID":12},05/03/2023 14:10:27
48,200,{"resortID":1,"seasonID":"2022","dayID":"1","skierID":42846,"time":270,"liftID":1},05/03/2023 14:10:27
48,200,{"resortID":8,"seasonID":"2022","dayID":"1","skierID":14922,"time":243,"liftID":16},05/03/2023 14:10:27
55,200,{"resortID":9,"seasonID":"2022","dayID":"1","skierID":26773,"time":335,"liftID":21},05/03/2023 14:10:27
48,200,{"resortID":7,"seasonID":"2022","dayID":"1","skierID":87419,"time":106,"liftID":18},05/03/2023 14:10:27
59,200,{"resortID":1,"seasonID":"2022","dayID":"1","skierID":17409,"time":39,"liftID":36},05/03/2023 14:10:27
50,200,{"resortID":6,"seasonID":"2022","dayID":"1","skierID":76920,"time":303,"liftID":16},05/03/2023 14:10:27
47,200,{"resortID":6,"seasonID":"2022","dayID":"1","skierID":2353,"time":340,"liftID":14},05/03/2023 14:10:27
47,200,{"resortID":8,"seasonID":"2022","dayID":"1","skierID":62836,"time":105,"liftID":24},05/03/2023 14:10:27
50,200,{"resortID":3,"seasonID":"2022","dayID":"1","skierID":82457,"time":146,"liftID":25},05/03/2023 14:10:27
57,200,{"resortID":6,"seasonID":"2022","dayID":"1","skierID":4730,"time":265,"liftID":21},05/03/2023 14:10:27
46,200,{"resortID":7,"seasonID":"2022","dayID":"1","skierID":33639,"time":232,"liftID":10},05/03/2023 14:10:27
46,200,{"resortID":10,"seasonID":"2022","dayID":"1","skierID":53356,"time":287,"liftID":35},05/03/2023 14:10:27
48,200,{"resortID":9,"seasonID":"2022","dayID":"1","skierID":29944,"time":256,"liftID":9},05/03/2023 14:10:27
46,200,{"resortID":9,"seasonID":"2022","dayID":"1","skierID":49884,"time":189,"liftID":1},05/03/2023 14:10:27
47,200,{"resortID":7,"seasonID":"2022","dayID":"1","skierID":27009,"time":18,"liftID":28},05/03/2023 14:10:27
46,200,{"resortID":4,"seasonID":"2022","dayID":"1","skierID":35306,"time":121,"liftID":8},05/03/2023 14:10:27
49,200,{"resortID":6,"seasonID":"2022","dayID":"1","skierID":91440,"time":110,"liftID":11},05/03/2023 14:10:27
50,200,{"resortID":8,"seasonID":"2022","dayID":"1","skierID":39671,"time":197,"liftID":7},05/03/2023 14:10:27
56,200,{"resortID":1,"seasonID":"2022","dayID":"1","skierID":59126,"time":235,"liftID":2},05/03/2023 14:10:28
46,200,{"resortID":2,"seasonID":"2022","dayID":"1","skierID":40036,"time":173,"liftID":17},05/03/2023 14:10:28
60,200,{"resortID":10,"seasonID":"2022","dayID":"1","skierID":48505,"time":124,"liftID":3},05/03/2023 14:10:28
48,200,{"resortID":3,"seasonID":"2022","dayID":"1","skierID":70286,"time":76,"liftID":15},05/03/2023 14:10:28
112,200,{"resortID":8,"seasonID":"2022","dayID":"1","skierID":17221,"time":162,"liftID":3},05/03/2023 14:10:28
69,200,{"resortID":8,"seasonID":"2022","dayID":"1","skierID":78889,"time":126,"liftID":14},05/03/2023 14:10:28
55,200,{"resortID":3,"seasonID":"2022","dayID":"1","skierID":51438,"time":33,"liftID":27},05/03/2023 14:10:28
51,200,{"resortID":2,"seasonID":"2022","dayID":"1","skierID":80742,"time":240,"liftID":36},05/03/2023 14:10:28
49,200,{"resortID":7,"seasonID":"2022","dayID":"1","skierID":71685,"time":339,"liftID":19},05/03/2023 14:10:28
47,200,{"resortID":10,"seasonID":"2022","dayID":"1","skierID":57306,"time":14,"liftID":28},05/03/2023 14:10:28
52,200,{"resortID":7,"seasonID":"2022","dayID":"1","skierID":21079,"time":248,"liftID":4},05/03/2023 14:10:28
48,200,{"resortID":8,"seasonID":"2022","dayID":"1","skierID":43820,"time":67,"liftID":18},05/03/2023 14:10:28
57,200,{"resortID":2,"seasonID":"2022","dayID":"1","skierID":24277,"time":60,"liftID":2},05/03/2023 14:10:28
60,200,{"resortID":8,"seasonID":"2022","dayID":"1","skierID":59030,"time":224,"liftID":13},05/03/2023 14:10:28
53,200,{"resortID":1,"seasonID":"2022","dayID":"1","skierID":68931,"time":12,"liftID":29},05/03/2023 14:10:28
51,200,{"resortID":7,"seasonID":"2022","dayID":"1","skierID":2931,"time":192,"liftID":6},05/03/2023 14:10:28
49,200,{"resortID":1,"seasonID":"2022","dayID":"1","skierID":52884,"time":51,"liftID":25},05/03/2023 14:10:28
53,200,{"resortID":2,"seasonID":"2022","dayID":"1","skierID":71201,"time":128,"liftID":10},05/03/2023 14:10:29
51,200,{"resortID":2,"seasonID":"2022","dayID":"1","skierID":94431,"time":353,"liftID":6},05/03/2023 14:10:29
51,200,{"resortID":8,"seasonID":"2022","dayID":"1","skierID":84529,"time":194,"liftID":30},05/03/2023 14:10:29
51,200,{"resortID":8,"seasonID":"2022","dayID":"1","skierID":50371,"time":88,"liftID":10},05/03/2023 14:10:29
58,200,{"resortID":9,"seasonID":"2022","dayID":"1","skierID":1963,"time":133,"liftID":40},05/03/2023 14:10:29
47,200,{"resortID":5,"seasonID":"2022","dayID":"1","skierID":39773,"time":31,"liftID":36},05/03/2023 14:10:29
50,200,{"resortID":2,"seasonID":"2022","dayID":"1","skierID":81176,"time":135,"liftID":39},05/03/2023 14:10:29
49,200,{"resortID":9,"seasonID":"2022","dayID":"1","skierID":54199,"time":230,"liftID":40},05/03/2023 14:10:29
69,200,{"resortID":6,"seasonID":"2022","dayID":"1","skierID":94625,"time":5,"liftID":29},05/03/2023 14:10:29
62,200,{"resortID":8,"seasonID":"2022","dayID":"1","skierID":98196,"time":37,"liftID":39},05/03/2023 14:10:29
51,200,{"resortID":8,"seasonID":"2022","dayID":"1","skierID":93535,"time":327,"liftID":38},05/03/2023 14:10:29
50,200,{"resortID":6,"seasonID":"2022","dayID":"1","skierID":16407,"time":344,"liftID":27},05/03/2023 14:10:29
48,200,{"resortID":8,"seasonID":"2022","dayID":"1","skierID":13019,"time":341,"liftID":32},05/03/2023 14:10:29
48,200,{"resortID":4,"seasonID":"2022","dayID":"1","skierID":10775,"time":86,"liftID":9},05/03/2023 14:10:29
98,200,{"resortID":9,"seasonID":"2022","dayID":"1","skierID":36202,"time":77,"liftID":10},05/03/2023 14:10:29
53,200,{"resortID":2,"seasonID":"2022","dayID":"1","skierID":13004,"time":166,"liftID":14},05/03/2023 14:10:29
46,200,{"resortID":7,"seasonID":"2022","dayID":"1","skierID":79085,"time":226,"liftID":11},05/03/2023 14:10:29
59,200,{"resortID":2,"seasonID":"2022","dayID":"1","skierID":80088,"time":91,"liftID":33},05/03/2023 14:10:29
56,200,{"resortID":3,"seasonID":"2022","dayID":"1","skierID":23680,"time":260,"liftID":29},05/03/2023 14:10:30
49,200,{"resortID":8,"seasonID":"2022","dayID":"1","skierID":87140,"time":334,"liftID":30},05/03/2023 14:10:30
1060,200,{"resortID":5,"seasonID":"2022","dayID":"1","skierID":73332,"time":102,"liftID":12},05/03/2023 14:10:30
48,200,{"resortID":1,"seasonID":"2022","dayID":"1","skierID":99887,"time":270,"liftID":20},05/03/2023 14:10:31
48,200,{"resortID":9,"seasonID":"2022","dayID":"1","skierID":3700,"time":359,"liftID":3},05/03/2023 14:10:31
50,200,{"resortID":3,"seasonID":"2022","dayID":"1","skierID":23222,"time":319,"liftID":15},05/03/2023 14:10:31
47,200,{"resortID":2,"seasonID":"2022","dayID":"1","skierID":13612,"time":243,"liftID":40},05/03/2023 14:10:31
